{"cameraMode":{"drawMode":0,"name":"Shaded","section":"Shading Mode"},"sceneLighting":false,"audioPlay":false,"sceneViewState":{"showFog":true,"showMaterialUpdate":false,"showSkybox":false,"showFlares":true,"showImageEffects":true,"showParticleSystems":true,"showVisualEffectGraphs":true,"m_FxEnabled":true},"in2DMode":false,"pivot":{"x":2.930000066757202,"y":0.18852227926254273,"z":-0.46456223726272585},"rotation":{"x":-0.10661107301712036,"y":-0.0068705156445503239,"z":0.0006810585618950427,"w":-0.9943307638168335},"size":0.9664564728736877,"orthographic":false}