{"cameraMode":{"drawMode":0,"name":"Shaded","section":"Shading Mode"},"sceneLighting":true,"audioPlay":false,"sceneViewState":{"showFog":true,"showMaterialUpdate":false,"showSkybox":true,"showFlares":true,"showImageEffects":true,"showParticleSystems":true,"showVisualEffectGraphs":true,"m_FxEnabled":true},"in2DMode":false,"pivot":{"x":-1.104087233543396,"y":2.5552992820739748,"z":1.019271731376648},"rotation":{"x":-0.11555048823356629,"y":0.003573537105694413,"z":-0.00041562796104699373,"w":-0.9933006763458252},"size":7.742452621459961,"orthographic":false}