{"cameraMode":{"drawMode":0,"name":"Shaded","section":"Shading Mode"},"sceneLighting":true,"audioPlay":false,"sceneViewState":{"showFog":true,"showMaterialUpdate":false,"showSkybox":true,"showFlares":true,"showImageEffects":true,"showParticleSystems":true,"showVisualEffectGraphs":true,"m_FxEnabled":true},"in2DMode":false,"pivot":{"x":-4.6672210693359379,"y":4.504190921783447,"z":-5.981529235839844},"rotation":{"x":0.031488869339227679,"y":-0.01948978193104267,"z":0.0006140605546534061,"w":0.9993153214454651},"size":2.0062613487243654,"orthographic":true}