{"cameraMode":{"drawMode":0,"name":"Shaded","section":"Shading Mode"},"sceneLighting":true,"audioPlay":false,"sceneViewState":{"showFog":true,"showMaterialUpdate":false,"showSkybox":true,"showFlares":true,"showImageEffects":true,"showParticleSystems":true},"in2DMode":false,"pivot":{"x":0.18165409564971925,"y":0.25268054008483889,"z":-0.0478784441947937},"rotation":{"x":0.014388962648808957,"y":0.9235783219337463,"z":-0.38159650564193728,"w":0.03494520112872124},"size":6.025561332702637,"orthographic":false}